 Status,count
JamnagarHub_QGR,951
DeogharHub_DGH,857
AkotaHub_BDQ,811
ElasticRunChandraSekharpurODH_BBI,805
MadhubaniHub_MBI,768
VejalpurHub_ADI,752
GariaHub_KOL,746
AurangabadBiharHub_AWB,737
PrincyGhodasarODH_AMD,723
SamastipurHub_SMP,713
AjwaHub_BDQ,697
KhandagiriHub_BBI,695
RatuHub_IXR,692
RoseraHub_ROA,672
DarbhangaHub_DBG,661
CABTKhurdaODH_KUD,658
BharuchHub_BRH,657
MehsanaHub_MHN,655
KalawadRoadHub_RAJ,655
JhumriTelaiyaHub_KQR,650
AnandHub_AMD,646
HazaribaghHub_HZB,646
BehalaHub_KOL,646
BhujHub_BHJ,640
BhavnagarHub_BVG,639
BapunagarHub_AMD,629
BaripadaHub_BPO,621
ManiNagarHub_ADI,616
SaharsaHub_SHC,615
KarelibaghHub_BDQ,613
GandhiNagarHub_GAN,609
HarinaviHub_KOL,599
BaleshwarHub_BAW,595
RajkotHub_RAJ,595
NawadahHub_NWD,594
SakherBazarHub_KOL,590
OldTownHub_BBI,584
ChasHub_BKO,582
JamshedpurHub_IXW,579
GolmuriHub_IXW,575
PrincyAnkleshwarODH_ANK,575
DewandighiHub_BDM,572
LalparHub_LLP,570
NadiadHub_AMD,569
IdentifyplusDarbhangaSplitODH_DBG,565
RourkelaHub_RRK,555
JagatpurHub_BBI,550
RajkotVavadiHUb_VAV,549
PrincyChandkhedaODH_AMD,548
KhagariaHub_KGG,537
KankeHub_IXR,537
CGRoadHub_ADI,533
UnaHub_UNA,532
CuttackHub_BBI,530
GandhidhamHub_GDM,528
GarhwaHub_GHQ,527
GiridihHub_GRD,523
UluberiaHub_ULB,519
ElasticRunNarodaODH_NRD,518
BasirhatHub_BSH,517
MadhepuraHub_DMH,513
GardenReachHub_KOL,512
CABTBerhampurODH_BMP,511
KendujharHub_KDJ,510
PhooltalaHub_KOL,508
BalliaHub_BLL,507
ElasticRunBhubaneswarODH_BBI,503
HarmuHub_IXR,500
BerhampurHub_BMP,499
LalgolaHub_LGL,498
RanipHub_AMD,497
RayagadaHub_RGD,497
ChandraSekharpurHub_BBI,495
BolpurHub_BHP,486
PalanpurHub_PLN,486
KalyaniHub_KOL,485
GautamnagarHub_BBI,483
GayaHub_GAY,480
LoadshareCuttackSplitODH_BBI,476
SalkiaHub_KOL,469
VeravalHub_VRV,469
JehanabadHub_JHD,468
ChinarParkHub_KOL,463
BopalHub_AMD,462
KendraparaHub_KNP,459
LoadshareCitiCenterODH_DGP,457
SherghatiHub_GAY,455
BhubaneswarHub_BBI,450
SupaulHub_SOU,447
RamgarhHub_RMT,446
ElasticRunBhawanipurODH_KOL,445
DehriOnSoneHub_DOS,441
CABTDarbhangaSplitODH_DBG,439
PrincyScienceCityODH_SCI,437
ConnectIndiaNewTownODH_KOL,435
BandelHub_BND,432
CABTMaidanODH_KOL,432
GogriJamalpurHub_GAI,430
ChaibasaHub_CBS,427
DependoBanarpalODH_ANG,427
HimmatnagarHub_HMT,424
DhenkanalHub_DNK,424
DumkaHub_DMK,421
SrikshetraODH_PUR,420
JamtaraHub_JMT,420
PusaHub_SMP,420
BurdwanHub_BDM,417
TamlukHub_TMZ,415
CuttackCDAHUB_CTC,412
ShyamnagarHub_KOL,409
MidnaporeHub_MDN,406
KhurdaHub_KUD,405
SundargarhHub_SDG,405
DurgapurHub_DGP,404
BeldangaHub_BEB,403
JunagadhHub_IXK,401
SindrisplitODH_DBD,399
IndaHub_KGP,399
TopsiaHub_KOL,398
LoadshareLalbaghODH_MBB,398
RampurhatHub_RPH,397
SundarnagarODH_IXW,395
MundraHub_MUD,394
VxpressAsansolSplitODH_ASN,390
SodepurHub_KOL,389
SITICSKhandagiriSpiltODH_BBI,388
KatwaHub_KWA,388
ElasticRunGirishParkODH_KOL,387
HalolHub_HLL,381
PuriHub_PUR,380
SasaramHub_SSM,379
SingurHub_SIU,379
AsansolHub_ASN,379
DaspurHub_DSP,379
AsikaHub_CAP,379
ElasticRunDumdumODH_KOL,378
DalsinghsaraiHub_DSS,378
PrincyAjwaBridgeODH_AJW,377
VxpressGovindpurODH_DBD,374
DaltonganjHub_DTO,374
JagatballavpurHub_BAC,372
JhanjharpurHub_JJP,370
CABTHowrahODH_KOL,370
BenipurHub_BPA,369
KantatoliHub_IXR,368
BENIPURSplitHUB_BPA,368
TalcherHub_TLH,366
LakeTownHub_KOL,366
BavlaHub_AMD,365
MohaniaHub_BBU,361
SITICSKaranjiaODH_KRN,361
ContaiHub_CNT,360
DalhousieHub_KOL,356
PorbandarHub_POR,356
VastralMetroODH_VAS,356
PuruliaHub_PRR,356
ChandannagarHub_CNR,352
MorgramHub_MGA,352
ElasticRunNandanaParkODH_KOL,350
GhatalHub_DSP,347
LoadshareDhulagarhODH_KOL,345
NimapadaHub_NMP,345
CABTMadhubaniSplitODH_MBI,343
KamakhyanagarHub_DKN,342
BugudaHub_GAM,342
BhawanipurHub_KOL,340
LoadshareBudgeBudgeODH_KOL,340
LoadshareBelgachiaODH_KOL,340
LohardagaHub_LAD,339
DomkolHub_MBB,339
AngulHub_ANG,336
BhabuaHub_BBU,334
LakshmikantpurHub_LKP,334
BITMesraHub_IXR,333
LoadshareAndalSplitODH_DGP,332
SiuriHub_SUR,331
DahejHub_DAJ,331
MorbiHub_MRB,330
BarrackporeHub_KOL,323
MadpurHub_MDP,323
BokaroHub_BKO,323
JainagarHub_MDH,322
ElasticRunPatuliODH_KOL,320
DependoHabraODH_KOL,318
NirsaHub_NRA,317
CABTGautamnagarODH_BBI,316
NayagarhHub_NYG,315
VxpressBurnpurODH_ASN,315
BariatuHub_IXR,312
AnjarHub_ANJ,312
GondalHub_GDN,311
DiamondHarbourHub_KOL,309
BelghariaHub_KOL,309
GurapHub_GRA,309
CABTBerhampurSplitODH_BMP,308
ElasticRunKhargramODH_KND,307
ParadipHub_PDP,307
ChakIslampurHub_MBB,306
LoadshareRourkelaSplitODH_RRK,304
ElasticRunPanihatiODH_KOL,304
LoadshareBaleshwarSplitODH_BAW,304
LoadshareBaranagarODH_KOL,303
CABTMankunduODH_MNK,302
KusumgramHub_KSG,301
GodhraHub_GHR,298
ChhatrapurHub_CAP,297
DholiMDH_SMP,296
MundkaMPHub_DEL,296
CABTGariahatODH_KOL,295
JagtaiHub_NIL,294
HaltuHub_KOL,294
CABTBokaroODH_BKO,292
KrishnanagarHub_KNJ,291
JagatsinghpurHub_BBI,291
BudbudHub_BDM,291
BalugaonHub_BAL,291
VxpressHarmuSplitODH_IXR,289
HaldiaHub_HLD,288
IRCVillageMDH_BBI,288
DebagramHub_DEB,287
ConnectIndiaEntallyODH_KOL,287
JarasinghaODH_ANG,283
CABTMurshidabadODH_MBB,282
ShantipurHub_STP,282
AdalajODH_ADL,279
MadhupurHub_MDP,279
MuraraiHub_MRR,279
BarbilHub_BBN,277
BarhiHub_HZB,276
EgraHub_MDN,276
VxpressDhanbadSplitODH_DBD,275
CABTJhariaODH_DBD,274
GunupurHub_GNP,274
JhargramHub_JGM,271
BarasatHub_KOL,270
MotikhavdiHub_MKH,270
AndalHub_DGP,269
ElasticRunSealdahODH_KOL,269
DurgachakMDH_HLD,268
KhoyrasoleHub_BMG,268
ElasticRunBaidyabatiODH_BAE,267
AdraSplitHub_ADR,267
DarbhangaSplitHUB_DBG,267
CABTKalyaniSplitODH_KOL,267
ElasticRunNimtaODH_KOL,266
NaugachiaHub_NNA,266
BagnanODH_BZN,265
CABTTarakeshwarODH_TAK,264
BajkulHub_BKL,264
BongaonHub_KOL,263
ElasticRunDahodODH_DHD,263
ArambaghHub_AMB,260
MandarHub_IXR,258
KalolHub_GAN,258
GumlaHub_GMA,258
MahnarHub_VAS,257
ChatraHub_CTR,257
DependoTollygunjODH_KOL,256
SurendraNagarHub_SDR,254
BishnupurHub_VSU,253
CABTBagulaODH_KNJ,252
RourkelaTownMDH_RRK,252
SectorVHub_KOL,251
BacchawaraHub_BCA,251
ChoudwarHMDH_BBI,251
CABTJamshedpurODH_IXW,250
DulhinganjMDH_GAY,248
NikolODH_NKL,248
KonnagarHub_KOG,244
PipiliMDH_NMP,243
RanaghatHub_RHA,243
BeldaHub_BLD,243
PhulparasHub_MBI,242
BethuadahariODH_BET,242
Keredarihub_CTR,241
BritaniachowkMPHub_DEL,241
ModudabadHub_MDD,240
GanganiHub_GNN,239
LoadshareMograODH_MGR,238
CABTChakradharpurODH_CKP,237
CABTHaladiapadarODH_BMP,237
ElasticRunJagachaODH_KOL,236
AnnapurnaDankuniODH_KOL,235
CABTSibpurODH_Kol,235
LoadshareAmtaODH_HWH,235
CABTParalakhemundiODH_PLH,234
APcolonyMDH_GAY,234
SimriHub_SHC,234
ChandrakonaHub_CDR,233
SalipurHub_CTC,233
GayaSplitHub2_GAY,232
ChakdahaHub_CDH,232
JamsuliHub_JER,232
KhakurdaHub_MDN,228
ElasticRunKhardahODH_KOL,228
CABTTopchanchiODH_TCH,228
NandigramHub_MDN,227
VxpressHatiaODH_HTI,227
ConnectIndiaNewTownSplitODH_KOL,227
Suradahub_SRD,225
KotulpurHub_KOP,225
ChitrapurHub_RMT,224
BodhGayaMDH_GAY,224
CABTDighaODH_DGA,222
RaghopurHub_SHC,221
AmbikaKalnaHub_ABK,221
RajdhanwarHub_RDW,220
ElasticRunBamungachiODH_KOL,219
DependoSakherbazarODH_KOL,219
RafiganjHub_AWB,219
CABTJaplaODH_JPL,218
NaviNagarHub_Nav,217
MarishdaHub_DSI,217
RadhanpurHub_RDH,215
HabraHub_KOL,215
KandiHub_KND,214
MurshidabadSplitMDH_MBB,211
GadiaraHub_SSP,211
KhambhaliaHub_KBH,210
UstiMDH_DDH,210
KokarHub_IXR,210
BarachattiHub_GAY,210
SeharabazarMDH_SRB,208
VxpressSindriODH_SIN,208
Kharagpurhub_KGP,208
MakhdumpurHub_JHD,208
KujangMDH_PDP,207
BankuraHub_BKR,205
SonamukhiHub_VSU,204
LoadsharePremBazarODH_KGP,204
BalikudaHub_BBI,203
KhuntiHub_IXR,202
JaleswarHub_JER,201
BrahmapurMDH_KOL,200
NazirpurHub_NZP,199
GayaSplitHub1_GAY,198
DwarkaGujaratHub_DWK,197
GopiballavpurHub_MDN,195
ElasticRunAthagarhODH_ATG,195
VxpressGumiaODH_GMA,194
AnnapurnaAsansolSplitODH_ASN,194
LateharHub_LAT,193
ElasticRunChapadaliODH_KOL,192
BudhViharMPHub_DEL,192
RajgangpurODH_RRK,192
TalodHub_TLD,192
ShivajinagarHub_SMP,191
ElasticRunBantalaODH_KOL,191
GhatsilaHub_GTS,191
Sakhigopalhub_PUR,191
CABTDehriOnSoneSplitODH_DOS,191
BhanjanagarODH_BJN,191
JaynagarHub_JYN,190
Digapahandihub_BMP,190
KakatpurHub_NMP,190
AdraHub_ADR,188
IchakHub_HZB,188
BallyMDH_KOL,188
RajkanikaHub_RJK,185
KhallikoteHub_KIT,185
RaghunathganjODH_LGL,184
PrincyPalesadODH_PAL,184
ElasticRunMallarpurODH_RPH,184
ElasticRunNarkeldangaODH_KOL,183
HajipurHub_BCP,183
SalarHub_KND,182
GonpuraHub_GON,182
ElasticRunKakdwipODH_KWK,181
VxpressKuiaODH_DBD,181
ParuliaODH_PAR,179
RajauliHub_RJL,179
ElasticRunChinarParkSpiltODH_KOL,178
JandahaHub_VAS,177
CABTUdalaODH_UDL,176
ElasticRunSiuriODH_SRI,176
RatanpurMDH_RAT,175
AngaraMDH_IXR,173
ElasticRunPatanODH_PTN,173
TangiHub_CTK,172
ChandrakonRoadHub_CDG,170
KamtaulMDH_DBG,170
SaltoraHub_SLR,170
CABTSantoshpurODH_KOL,169
IdentifyplusMangrolODH_MGL,169
HaroaMDH_BSH,169
CABTKolaghatODH_KIG,169
BhawanipurSplitODH_KOL,169
PalajoriMDH_PAL,168
MunigudaHub_GNP,167
JasdanHub_JSN,166
ElasticRunBhubanODH_BBN,166
ElasticRunNirakarpurODH_NKP,165
Chikitihub_BMP,164
BarjoraHub_DGP,164
RAIDIGHIHUB_RDG,164
Mahulpallihub_SBP,163
BrahmagiriMDH_PUR,163
KhatraHub_KHT,163
BijwasanMPHub_DEL,162
PakriHub_DMH,162
PeterbarHub_GRE,162
KestopurODH_KOL,161
JhaldaHub_JAA,161
ElasticRunRaghunathpurODH_RGP,159
KandraHub_GNN,157
BalipattaHub_DNK,155
ElasticRunGuskaraODH_GKH,155
DhulagarhSplitMDH_KOL,154
BhagabanpurHub_MDN,152
KarjanHub_KJN,151
MadhepurMDH_JJP,150
DeraODH_TLH,150
SatighatHubSplit_BKR,149
SITICSBadchatraODH_BCH,149
JhilmilMPHub_DEL,148
BalichandrapurMDH_BCP,148
ChampahatiMDH_CHT,148
PanchlaODH_ULB,147
UkhraMDH_UKR,147
BhograiHub_JER,147
MarshaghaiMDH_MSG,146
BAISINGAHUB_BSG,146
VxpressIsriDumriODH_IMR,146
VasundharaMPHub_DEL,146
PrahladpurMPHub_DEL,145
PaharganjMPHub_DEL,145
BegunipadaHub_BPD,145
PanduaMDH_MGR,144
ElasticRunSiddhpurODH_SDR,144
UttamNagarMPHub_DEL,144
IndpurMDH_KHT,144
GopMDH_NMP,144
AnnapurnaJhabuaODH_JBA,143
SITICSNarasinghpurODH_NSG,143
PitampuraMPhub_DEL,143
DaltonganjSplitODH_DTO,141
TehattaMDH_TEH,140
KokarSplitHub_IXR,140
SonakhaliHub_CNG,140
IdentifyPlusAmreliODH_AMR,139
KochasMDH_KOC,139
AgiaonMDH_JHD,139
PandebeswarHub_BMG,138
AsharuHub_ASH,137
CABTBalarampurODH_BPR,135
TaldangraMDH_VSU,134
AdityapurHub_IXW,133
NabadwipHub_NDA,132
GarhwaSplitODH_GHQ,132
NagriMDH_IXR,130
Champuahub_KDJ,130
NtpcMDH_TLH,130
MangolpuriMPHub_DEL,129
JhantipahariHub_JHI,128
GovindpurMDH_DBD,128
ElasticRunPinguaODH_PNG,127
SuhnatHub_BAW,126
CABTTirtolODH_TTL,126
Rupnarayanpurhub_ASN,126
PrincyKhambatODH_KHA,125
SaraikelaMDH_SIN,124
GiddiMDH_RMT,124
MoynaODH_MYO,123
GudiakatiniHub_ANG,121
VxpressBeroODH_BER,120
ShalimarGardenMPHub_DEL,120
MajhdiaHub_MIJ,120
BokarothermalODH_BKR,120
ElasticRunMahuvaODH_MHV,118
OdagaonMDH_ODA,117
AshokviharMPHub_DEL,117
CABTManbazarODH_MZR,117
KatrakalaMDH_BBU,117
NagarukharaMDH_HBR,115
ChhatarpurMDH_DTO,115
KhanakulMDH_AMB,115
Phase3NoidaMPHub_DEL,115
AdaspurMDH_ADP,114
PrincySanandODH_SND,114
CABTKumardungiODH_KMD,113
AmaonbaraonHub_ABN,111
NuapatnaMDH_BBI,111
NokhaMDH_SSM,110
ChhatralMDH_CHT,110
VxpressSayalODH_SAY,109
IdentifyplusJashpurODH_JSP,109
SimdegaMDH_SMD,109
BenipattiMDH_MBI,108
HazaribaghSplitODH_HZB,108
RajnagarMDH_KNP,107
SikariparaMDH_SIK,107
KanaipurODH_KNP,106
ElasticRunBankiODH_BNK,106
RAIRANGPURMDH_RNG,106
AnbaHub_AWB,105
AnandapurHub_ADP,105
TTSPLJambusarODH_JBS,105
MuriHub_MUR,104
BadambaHub_BBI,104
BankraMDH_KOL,103
IndupurHub_KNP,102
TTSPLKhedaODH_KDA,102
IPextensionMPHub_DEL,102
ItkoriMDH_CTR,101
RanihatiHub_ULB,100
MotibaghMPhub_DEL,100
NamkhanaMDH_NAM,100
GopalnagarMDH_GPN,99
ChapraMDH_CHA,98
JafrabadMDH_JAF,97
FatehPurMDH_RJL,97
TTSPLRajpiplaODH_RJP,97
ElasticRunWankanerODH_WKH,96
ElasticRunBaharagoraODH_BAH,95
LesliganjMDH_LSG,94
SildaHub_SLD,94
AranghataHub_NDA,93
DhrangadhraMDH_DHR,93
PurusottampurHub_CAP,93
KamderaHub_KDR,92
SasanHub_KOL,91
TTSPLKhedbrahmaODH_KDB,91
BAHALDAHUB_BHL,90
MohanpurMDH_MHN,90
AkotaMDH_AKT,88
ElasticRunBaneikelaODH_BNK,88
PeeragarhiMPHub_DEL,87
ChandilHub_CNI,87
KanjhawalaMPHub_DEL,85
BilaspurMPHub_DRH,85
BecharajiMDH_BCH,85
MansaMDH_MNS,84
BurariMPHub_DEL,84
NajafgarhMPHub_DEL,84
BamraMDH_JSG,83
PatanMDH_PTN,82
GurgaonMPHub_DEL,82
VxpressSarwaODH_SRW,82
HindolMDH_DKN,80
BaliapurMDH_DBD,80
VxpressHalvadODH_HAL,79
ShadowFaxPatharPratimaODH_PPM,79
FKL_ulbesr,78
RohiniMPhub_DEL,78
BalumathMDH_BBO,78
VxpressDhalbhumgarhODH_DVM,77
SonamuiMDH_DSP,77
BawanaMPHub_DEL,77
SahibabadMPHub_DEL,76
ElasticRunDhapaMDH_KOL,76
GandhinagarMPHub_DEL,76
LunawadaMDH_LUN,75
Padampurhub_GNP,74
IdentifyplusUpletaODH_UPL,73
FaridabadMPHub_DEL,71
KatkamsandiMDH_HZB,71
SherkhiRajulaODH_RJL,70
Kalapatharhub_KLP,69
NarelaMPHub_DEL,69
ChandanKiyariHub_BJE,69
ElasticRunKeshodODH_KSD,68
ElasticRunViramgamODH_VRG,68
NoidaMPHub_DEL,68
CABTNazatODH_NZT,68
Mohanahub_MOH,67
HuraMDH_HUA,67
AtriHub_GAY,66
WelcomeMPHub_DEL,66
AmbabarMDH_DTO,66
CABTBasiaODH_BSI,66
SherkhiPalitanaODH_PLT,66
CABTKhandapadaODH_KDP,63
BaduRoadMDH_KOL,63
JoypurMDH_PRR,62
Fkl-ahmedabad01,62
BalasinorMDH_BLS,60
DhenkikoteMDH_SPN,60
SavarKundlaMDH_SVK,60
JaypurMDH_JAY,59
RamaroadMPhub_DEL,59
ShadowFaxTankaraODH_TNK,58
SitaleswarMDH_STW,58
WazirganjHub_NWD,58
SangamviharMPHub_DEL,58
CABTJalandharMPODH_JLR,57
TamarMDH_TAM,57
MeerutMPHub_MEE,57
SimariaHub_CTR,56
JARMUNDIHUB_JMD,56
LakhisagarMDH_KHT,55
RohODH_NWD,55
ShahdaraMPHub_DEL,55
JASHIPURMDH_JSP,54
 DeliveryHub,53
HarijHub_HRJ,53
KarolbaghMPHub_DEL,50
NehruPlaceMPHub_DEL,50
JasolaMPHub_DEL,50
BanduanHub_BUN,48
ChhatarpurMPHub_DEL,48
DaringbadiMDH_DRI,47
BadshahpurMPHub_DEL,46
SijuaMDH_DMK,45
ChanakyapuriMPHub_DEL,44
KundaitMDH_DMK,39
TalasaraMDH_SDG,37
KuchaiMDH_BPO,37
GhatgaonMDH_GTN,36
AlipurMPHub_DEL,35
GwaliorMPHub_GWL,34
FatehabadMPHub_FHB,33
RudaigiriMDH_RUG,33
BallabhgarhMPHub_Del,33
KashipurSplitMDH_KSP,33
BahadurgarhMPHub_BHD,32
KukurwadaMDH_KKR,31
JiralMDH_DKN,30
DhanyakuriaMDH_BSH,29
KhutaunaODH_MBI,28
ChingudipalMDH_JJK,27
CanningHub_CNG,25
ManpurMDH_GAY,23
MoynapurSpiltMDH_VSU,22
SonepatMPHub_SOP,21
DasnaMPHub_DEL,20
YamunaViharMPHub_DEL,15
AligarhMPHub_ALG,13
fkl_DELFlexYakubpur,13
MoradabadMPHub_MRD,12
KharadaMDH_KHD,12
MathuraMPHub_MTH,10
SITICSPattamundaiODH_PTT,8
RohtakMPHub_ROH,7
SaharanpurMPHub_SHP,6
FirozabadMPHub_FIR,6
KadiMDH_KDI,5
YamunaNagarMPHub_YNR,4
BareillyMPHub_BRY,4
BagodarODH_PNM,4
AmrohaMPHub_AOA,3
AlwarMPHub_ALW,3
HaridwarMPHub_HRD,2
PalwalHub_PLW,2
KashipurHub_KAS,2
MuzaffarnagarMPHub_MFN,2
RoorkeeMPHub_HRD,2
KaithalMPHub_KTL,2
ElasticRunHansiODHMPHub_HNS,2
EcityMPHub_BLR,2
KarnalMPHub_KAL,2
IdentifyPlusTohanaODH_THN,2
VrindavanHub_MTH,1
BharatpurMPHub_BTP,1
ManjuriRoadMDH_BHC,1
ElasticRunSoroODH_SRO,1
SomatanePhataHub_PUNE,1
ModinagarHub_MEE,1
ElasticRunDaspallaODH_DSP,1
UdaipurHubTemp_UDR,1
VibhutiKhandHub_LKO,1
DehradunMPHub_DED,1
KurukshetraMPHub_KUR,1
MatigaraHub_IXB,1
BankiPoreHub_PAT,1
SantacruzHub_MUM,1
GoregaonHub_MUM,1
 sellerLocationId,1
HissarHub_HSS,1
JhajjarHub_JJJ,1
NavsariHub_STV,1
CABTSosyoCircleODH_STV,1
BhiwandiMPHub_BHI,1
